"couleurBandeau",100,0,50,0
"couleurSombre",96,0,48,0
"couleurTitre",0,100,3,0
"txtUrlAnnuaire","www.lestuck.eu/annuaire"
"txtInfoAsso","ASSOCIATION LE STÜCK\n13 rue de Nomeny\n67000 Strasbourg\ncontact@lestuck.eu"
"txtBandeau","Eurométropole"
"filtreGeo",48.57853785757886,7.748751640319825,48.57470472709389,7.749738693237306,48.574406582541286,7.776217460632325,48.579276056739765,7.781410217285157,48.58421603518974,7.758836746215821 
