"couleurBandeau",100,0,50,0
"couleurSombre",96,0,48,0
"couleurTitre",0,100,3,0
"txtUrlAnnuaire","www.lestuck.eu/annuaire"
"txtInfoAsso","ASSOCIATION LE STÜCK\n13 rue de Nomeny\n67000 Strasbourg\ncontact@lestuck.eu"
"txtBandeau","Eurométropole"
"filtreGeo", 48.598664119857006,7.738752365112306, 48.59241987505594,7.740254402160645, 48.58841747596737,7.736778259277345, 48.58773618497474,7.738795280456544, 48.587679410310756,7.741670608520509, 48.58432959223574,7.744460105895997, 48.58421603518974,7.746477127075196, 48.579517388742616,7.7507901191711435, 48.58292430583368,7.757184505462647, 48.59325721632342,7.766754627227784, 48.593697169733346,7.757484912872315, 48.59505958179822,7.75808572769165, 48.600111539141764,7.753665447235108
