"couleurBandeau",100,0,50,0
"couleurSombre",96,0,48,0
"couleurTitre",0,100,3,0
"txtUrlAnnuaire","www.lestuck.eu/annuaire"
"txtInfoAsso","ASSOCIATION LE STÜCK\n13 rue de Nomeny\n67000 Strasbourg\ncontact@lestuck.eu"
"txtBandeau","Eurométropole"
"filtreGeo",48.57890695850683,7.782053947448731,48.58432959223574,7.7583646774292,48.596876074068625,7.771711349487306,48.591454786551026,7.781367301940919,48.5903761364079,7.7884912490844735 
