"couleurBandeau",100,0,50,0
"couleurSombre",96,0,48,0
"couleurTitre",0,100,3,0
"txtUrlAnnuaire","www.lestuck.eu/annuaire"
"txtInfoAsso","ASSOCIATION LE STÜCK\n13 rue de Nomeny\n67000 Strasbourg\ncontact@lestuck.eu"
"txtBandeau","Eurométropole"
"filtreGeo",48.59562724264881,7.740082740783692,48.59088707881967,7.733731269836427,48.5865439036362,7.717294692993165,48.58716843546458,7.712359428405763,48.58185966891022,7.709913253784181,48.580979552122166,7.69493579864502,48.58421603518974,7.688412666320802,48.59954392867905,7.6882410049438485,48.6057305385924,7.704420089721681,48.60635483327761,7.720813751220704
