"couleurBandeau",100,0,50,0
"couleurSombre",96,0,48,0
"couleurTitre",0,100,3,0
"txtUrlAnnuaire","www.lestuck.eu/annuaire"
"txtInfoAsso","ASSOCIATION LE STÜCK\n13 rue de Nomeny\n67000 Strasbourg\ncontact@lestuck.eu"
"txtBandeau","Eurométropole"
"filtreGeo", 48.58929746323871,7.737658023834229,48.588545217005915,7.739524841308594,48.587636829270906,7.742056846618653,48.583861167776504,7.74463176727295,48.583882459891576,7.746680974960328,48.57943221287317,7.750811576843263,48.57853785757886,7.748730182647706,48.574789910928864,7.750725746154786,48.57470472709389,7.735962867736817,48.57277385500503,7.731027603149415,48.57760089696574,7.726521492004395,48.5873103734401,7.72840976715088,48.591767023084486,7.739310264587403
