"couleurBandeau",100,0,50,0
"couleurSombre",96,0,48,0
"couleurTitre",0,100,3,0
"txtUrlAnnuaire","www.lestuck.eu/annuaire"
"txtInfoAsso","ASSOCIATION LE STÜCK\n13 rue de Nomeny\n67000 Strasbourg\ncontact@lestuck.eu"
"txtBandeau","Eurométropole"
"filtreGeo",48.57575531769432,7.696094512939454,48.58103633431289,7.695322036743165,48.583080450696784,7.7105140686035165,48.587338760987365,7.712745666503907,48.590858693265645,7.734031677246095,48.577572503948815,7.726478576660157,48.572404709297686,7.731199264526368,48.572688667773306,7.735748291015626,48.549853315982574,7.732229232788087,48.56047701325633,7.728710174560548,48.55576195771546,7.693433761596681,48.5603634026274,7.706394195556641,48.56064742872131,7.693862915039063,48.56274917224952,7.6924467086792,48.56504962924139,7.701716423034669,48.571013289715296,7.700214385986329 
