"couleurBandeau",100,0,50,0
"couleurSombre",96,0,48,0
"couleurTitre",0,100,3,0
"txtUrlAnnuaire","www.lestuck.eu/annuaire"
"txtInfoAsso","ASSOCIATION LE STÜCK\n13 rue de Nomeny\n67000 Strasbourg\ncontact@lestuck.eu"
"txtBandeau","Eurométropole"
"filtreGeo",48.574562753716684,7.730855941772462,48.56007937493871,7.758665084838868,48.55865921257288,7.765531539916993,48.55212595215244,7.75960922241211,48.53985250419739,7.758750915527345,48.55053511755112,7.732830047607423,48.56422602086159,7.733345031738282 
