"couleurBandeau",100,0,50,0
"couleurSombre",96,0,48,0
"couleurTitre",0,100,3,0
"txtUrlAnnuaire","www.lestuck.eu/annuaire"
"txtInfoAsso","ASSOCIATION LE STÜCK\n13 rue de Nomeny\n67000 Strasbourg\ncontact@lestuck.eu"
"txtBandeau","Eurométropole"
"filtreGeo",48.57461954311544,7.73265838623047,48.57524422229134,7.755146026611329,48.57535779949409,7.7778053283691415,48.59034775056686,7.788362503051759,48.59023420704331,7.802867889404298,48.55451211027613,7.80381202697754,48.55860240524893,7.763814926147462,48.566611608294686,7.746047973632813 
