"couleurBandeau",100,0,50,0
"couleurSombre",96,0,48,0
"couleurTitre",0,100,3,0
"txtUrlAnnuaire","www.lestuck.eu/annuaire"
"txtInfoAsso","ASSOCIATION LE STÜCK\n13 rue de Nomeny\n67000 Strasbourg\ncontact@lestuck.eu"
"txtBandeau","Eurométropole"
"filtreGeo",48.55865921257288,7.767505645751954,48.55138735659328,7.760295867919923,48.54053444050467,7.760467529296876,48.53826128375329,7.756175994873048,48.52137990203403,7.757291793823243,48.48981880035135,7.768878936767579,48.517968838568294,7.807331085205079,48.55490979235602,7.805013656616212,48.55604600964558,7.7805519104003915
