"couleurBandeau",100,0,50,0
"couleurSombre",96,0,48,0
"couleurTitre",0,100,3,0
"txtUrlAnnuaire","www.lestuck.eu/annuaire"
"txtInfoAsso","ASSOCIATION LE STÜCK\n13 rue de Nomeny\n67000 Strasbourg\ncontact@lestuck.eu"
"txtBandeau","Eurométropole"
"filtreGeo",48.59142640131595,7.781496047973634,48.58955294054395,7.801408767700196,48.63835378301534,7.837543487548829,48.646520476743575,7.795486450195313,48.622470315299,7.7701663970947275,48.61072467998971,7.766132354736329,48.60028182103683,7.753944396972657,48.59358363373626,7.757978439331056,48.59341332926223,7.766647338867188,48.59718827710003,7.771303653717042 
