"couleurBandeau",100,0,50,0
"couleurSombre",96,0,48,0
"couleurTitre",0,100,3,0
"txtUrlAnnuaire","www.lestuck.eu/annuaire"
"txtInfoAsso","ASSOCIATION LE STÜCK\n13 rue de Nomeny\n67000 Strasbourg\ncontact@lestuck.eu"
"txtBandeau","Eurométropole"
"filtreGeo",48.20431202924948,7.476367950439454,48.23382085308753,7.4054718017578125,48.27599577560807,7.4303627014160165,48.294614813244344,7.467956542968751,48.28170785853683,7.5168800354003915
